"","marker_name","LG","pos","sseqid","sstart","send"
"1","CmSI0385","A ",0,NA,NA,NA
"2","CmSNP01340","A ",1.1,"chr4",71343117,71343217
"3","CmSNP01086","A ",3.5,"chr11",52288939,52288839
"4","CmSNP00635","A ",6.9,"chr2",1587599,1587697
"5","CmSI0407","A ",7.5,NA,NA,NA
"6","CmSNP00135","A ",8.5,"chr2",1812230,1812153
"7","CmSI0525","A ",9.1,"chr2",2653179,2652401
"8","CmSNP01101","A ",13.4,"chr2",2617828,2617729
"9","CmSNP00862","A ",14.8,"chr2",2615440,2615363
"10","CmSNP00251","A ",17.1,NA,NA,NA
"11","CmSNP01050","A ",19.5,"chr2",4753111,4753211
"12","CmSNP00977","A ",20.8,"chr2",10180746,10180841
"13","CmSI0519","A ",23,"chr2",5854028,5853641
"14","CmSI0547","A ",24.1,"chr2",14286276,14285939
"15","CmSNP01286","A ",25,"chr2",11880845,11880746
"16","CmSNP01346","A ",25.7,"chr2",12950553,12950651
"17","CmSNP00137","A ",26,"chr2",6234840,6234915
"18","CmSNP00160","A ",27.3,"chr2",7357466,7357566
"19","CmSI0262","A ",28.5,"chr2",9242815,9242567
"20","CmSNP01118","A ",29.1,"chr2",9037955,9038052
"21","CmSNP00444","A ",31.1,"chr2",20450173,20450257
"22","CmSNP00662","A ",31.1,"chr2",32423640,32423713
"23","CmSNP01203","A ",32.7,"chr2",12252752,12252662
"24","CmSNP00003","A ",33.2,"chr2",36075817,36075723
"25","CmSNP00686","A ",33.5,NA,NA,NA
"26","CmSNP01292","A ",34,"chr2",17279795,17279699
"27","CmSNP00576","A ",34.4,"chr2",16477504,16477604
"28","CmSNP00667","A ",34.4,"chr2",16544002,16543902
"29","CmSI0926","A ",35.5,"chr2",38289609,38290358
"30","CmSNP01504","A ",35.8,"chr2",19700838,19700930
"31","CmSNP00042","A ",36.6,"chr2",18715243,18715332
"32","CmSNP00138","A ",36.6,NA,NA,NA
"33","CmSNP00002","A ",36.6,"chr2",18928325,18928226
"34","CmSI0616","A ",37.8,"chr2",54329795,54331272
"35","CmSI0613","A ",37.9,"chr2",52407307,52408074
"36","CmSI0187","A ",38.3,"chr2",23871766,23871335
"37","CmSNP00116","A ",38.3,"chr2",21772406,21772504
"38","CmSNP01420","A ",38.6,"chr2",23782265,23782165
"39","CmSNP00453","A ",39.3,"chr2",42183918,42183996
"40","CmSI0884","A ",39.7,"chr2",26434255,26433972
"41","CmSNP00281","A ",39.9,"chr12",2908674,2908746
"42","CmSI0520","A ",40.1,"chr2",26600089,26600299
"43","CmSI0537","A ",41.4,"chr2",52591978,52592272
"44","CmSNP01188","A ",41.6,"chr4",81492487,81492587
"45","CmSNP00652","A ",42.1,"chr2",34866574,34866474
"46","CmSNP01484","A ",42.1,"chr2",36043894,36043993
"47","CmSI0033","A ",42.1,"chr2",49931513,49931679
"48","CmSI0667","A ",42.1,"chr2",54970613,54969647
"49","CmSNP00416","A ",42.1,"chr2",36454190,36454111
"50","CmSNP00915","A ",42.1,"chr2",35653988,35654077
"51","CmSNP01246","A ",42.4,"chr2",39272711,39272639
"52","CmSNP00647","A ",42.7,"chr2",50234000,50233900
"53","CmSNP01081","A ",42.7,"chr2",39954469,39954548
"54","CmSNP00298","A ",42.7,"chr2",39501282,39501182
"55","CmSNP00732","A ",42.9,"chr2",54969789,54969692
"56","CmSNP00473","A ",43,NA,NA,NA
"57","CmSNP00368","A ",44.4,"chr2",59430346,59430446
"58","CmSNP00290","A ",44.4,"chr2",59386676,59386776
"59","CmSNP00586","A ",44.4,"chr3",20305032,20305116
"60","CmSNP01435","A ",44.6,"chr6",40386520,40386620
"61","CmSNP00881","A ",45.2,"chr2",60180750,60180827
"62","CmSNP00044","A ",45.8,NA,NA,NA
"63","CmSNP00831","A ",46.1,"chr2",61894675,61894576
"64","CmSNP00032","A ",46.2,"chr2",60395047,60394959
"65","CmSNP01112","A ",46.2,"chr2",60296553,60296653
"66","CmSNP00535","A ",46.5,"chr2",62330029,62329956
"67","CmSNP01161","A ",47.1,"chr2",63573222,63573319
"68","CmSNP00059","A ",47.2,"chr2",62880500,62880598
"69","CmSNP00608","A ",47.2,"chr2",62888319,62888221
"70","CmSNP00725","A ",47.3,"chr2",62926457,62926357
"71","CmSNP00613","A ",47.3,NA,NA,NA
"72","CmSI0281","A ",47.6,"chr2",64114056,64113744
"73","CmSI0666","A ",47.6,"chr2",64115038,64113322
"74","CmSNP01424","A ",47.6,NA,NA,NA
"75","CmSNP00739","A ",48,"chr2",64417732,64417630
"76","CmSNP00057","A ",48.2,"chr2",63444872,63444969
"77","CmSNP00609","A ",48.2,"chr2",67385474,67385374
"78","CmSNP01083","A ",48.3,"chr2",67325399,67325306
"79","CmSNP00092","A ",49.1,NA,NA,NA
"80","CmSNP01113","A ",49.5,"chr2",68707130,68707224
"81","CmSNP01383","A ",50.5,NA,NA,NA
"82","CmSI0644","A ",50.8,NA,NA,NA
"83","CmSNP00649","A ",51.2,"chr2",69295335,69295419
"84","CmSNP01325","A ",51.2,"chr2",70116911,70116990
"85","CmSNP00369","A ",52,"chr2",71601378,71601469
"86","CmSNP01274","A ",52.6,"chr2",72448093,72448191
"87","CmSNP00005","A ",53,"chr2",71961450,71961547
"88","CmSNP00658","A ",53.5,"chr2",73539338,73539438
"89","CmSNP01209","A ",53.6,"chr2",72939733,72939633
"90","CmSNP00656","A ",54.7,"chr2",75724074,75724158
"91","CmSNP00598","A ",54.9,"chr2",76632086,76632186
"92","CmSNP01438","A ",55.2,"chr2",75798458,75798529
"93","CmSI0510","A ",55.3,"chr2",90911465,90910420
"94","CmSNP00317","A ",55.3,"chr2",77011157,77011057
"95","CmSNP00939","A ",55.3,"chr2",77380714,77380634
"96","CmSNP01382","A ",55.6,"chr2",78435157,78435057
"97","CmSI0947","A ",55.7,"chr2",80600920,80601581
"98","CmSNP00153","A ",55.9,"chr2",81530216,81530316
"99","CmSNP00926","A ",55.9,"chr2",81670504,81670583
"100","CmSI0825","A ",56.1,"chr2",80799909,80799506
"101","CmSNP00191","A ",56.2,"chr2",85131842,85131742
"102","CmSNP01149","A ",56.2,"chr2",99017683,99017782
"103","CmSNP00560","A ",56.3,"chr2",78128600,78128501
"104","CmSNP00542","A ",56.4,"chr2",80306450,80306363
"105","CmSNP01257","A ",56.4,"chr2",79164675,79164575
"106","CmSNP00841","A ",56.4,"chr2",79011272,79011370
"107","CmSNP01165","A ",56.6,"chr2",81504067,81503967
"108","CmSNP00233","A ",56.9,"chr2",87828123,87828210
"109","CmSNP00787","A ",56.9,"chr2",87481790,87481890
"110","CmSNP00310","A ",57.2,"chr2",85935714,85935817
"111","CmSNP01316","A ",57.2,"chr2",86018362,86018262
"112","CmSI0742","A ",57.4,"chr2",87304915,87305273
"113","CmSNP00897","A ",58.4,"chr2",91214391,91214487
"114","CmSNP00992","A ",58.4,"chr2",91417592,91417492
"115","CmSI0818","A ",58.5,"chr2",91214158,91214563
"116","CmSI0514","A ",58.7,"chr2",89754733,89754062
"117","CmSI0315","A ",59,NA,NA,NA
"118","CmSNP00199","A ",59.2,NA,NA,NA
"119","CmSNP00771","A ",59.5,"chr2",89844771,89844871
"120","CmSNP00206","A ",59.7,"chr2",93789986,93789912
"121","CmSNP00547","A ",59.7,NA,NA,NA
"122","CmSNP01234","A ",59.9,"chr2",91332789,91332888
"123","CmSNP01475","A ",59.9,NA,NA,NA
"124","CmSNP00519","A ",60.4,NA,NA,NA
"125","CmSNP01328","A ",60.7,"chr2",88693756,88693656
"126","CmSNP01351","A ",60.9,"chr2",94217846,94217946
"127","CmSNP00338","A ",61.2,"chr2",92936356,92936256
"128","CmSI0923","A ",61.3,"chr2",94217734,94218041
"129","CmSI0756","A ",61.5,"chr2",94569737,94569496
"130","CmSNP01018","A ",61.7,"chr2",90141492,90141591
"131","CmSNP00802","A ",63.4,"chr2",95999135,95999036
"132","CmSI0365","A ",64.8,"chr2",96922933,96923161
"133","CmSNP00569","A ",64.9,"chr2",96071193,96071094
"134","CmSNP01267","A ",65.3,NA,NA,NA
"135","CmSNP00315","A ",65.3,"chr2",97378017,97377929
"136","CmSNP00034","A ",65.6,"chr2",97598270,97598184
"137","CmSNP01005","A ",66.1,"chr2",97654384,97654480
"138","CmSI0247","A ",68.1,"chr2",98332969,98332683
"139","CmSNP00258","A ",70.1,"chr2",99313936,99313836
"140","CmSI0909","A ",73,"chr2",99828444,99828167
"141","CmSNP00420","A ",73,"chr2",99808889,99808809
"142","CmSI0498","A ",73.8,"chr2",99881803,99881567
"143","CmSNP00345","A ",75.6,"chr2",100268857,100268757
"144","CmSNP01371","A ",75.9,"chr2",100040882,100040782
"145","CmSNP00155","A ",76.3,"chr2",100245733,100245815
"146","CmSNP00531","A ",78.3,"chr2",100878531,100878629
"147","CmSNP01519","A ",79.1,"chr2",5595972,5596070
"148","CmSI0769","A ",79.3,"chr2",100875586,100876174
"149","CmSNP01400","A ",80.7,"chr2",101641583,101641484
"150","CmSNP01181","A ",82.7,"chr2",101857446,101857544
"151","CmSNP01252","A ",86.5,NA,NA,NA
"152","CmSNP00254","A ",86.9,NA,NA,NA
"153","CmSNP00174","A ",88,"chr2",47892312,47892393
"154","CmSNP00969","A ",90.4,"chr2",103977180,103977082
"155","CmSNP00852","B ",0,"chr6",90501,90402
"156","CmSNP01511","B ",9.4,NA,NA,NA
"157","CmSI0941","B ",12.3,NA,NA,NA
"158","CmSNP01261","B ",13.2,"chr6",1412352,1412274
"159","CmSNP01490","B ",13.8,"chr8",13022925,13023025
"160","CmSNP01442","B ",14.9,"chr6",3326509,3326606
"161","CmSNP00912","B ",15.2,"chr6",3485772,3485673
"162","CmSI0899","B ",18.2,"chr6",2483119,2483750
"163","CmSNP01453","B ",18.8,"chr6",3781750,3781672
"164","CmSI0859","B ",20,NA,NA,NA
"165","CmSNP00917","B ",20.2,"chr6",2523808,2523708
"166","CmSNP00372","B ",23.1,NA,NA,NA
"167","CmSI0533","B ",23.2,NA,NA,NA
"168","CmSNP01173","B ",23.6,"chr6",5365085,5364987
"169","CmSNP00623","B ",23.7,"chr6",5467115,5467015
"170","CmSI0682","B ",23.8,NA,NA,NA
"171","CmSNP00539","B ",23.9,"chr6",3545364,3545441
"172","CmSNP00565","B ",27.9,"chr6",6963918,6964018
"173","CmSI0635","B ",28.4,"chr6",10339498,10340923
"174","CmSNP01479","B ",29.9,"chr6",9653181,9653281
"175","CmSNP00418","B ",30.9,"chr6",13496807,13496907
"176","CmSNP01154","B ",30.9,"chr6",13479763,13479664
"177","CmSNP00210","B ",31.8,"chr6",15648993,15648893
"178","CmSNP01527","B ",32.8,"chr6",10182053,10182150
"179","CmSI0049","B ",34.1,"chr6",21988783,21988963
"180","CmSI0766","B ",34.3,"chr6",20998044,20998443
"181","CmSNP01027","B ",34.4,"chr6",22146862,22146762
"182","CmSNP01370","B ",34.5,"chr6",22693979,22694061
"183","CmSNP00719","B ",35.6,NA,NA,NA
"184","CmSNP00524","B ",36,"chr6",31447296,31447198
"185","CmSI0632","B ",36.9,"chr6",38377514,38377100
"186","CmSNP00945","B ",37.1,"chr6",37675100,37675004
"187","CmSNP01315","B ",37.2,"chr6",32766789,32766689
"188","CmSNP01323","B ",37.2,"chr6",33046771,33046671
"189","CmSNP01281","B ",37.5,"chr6",33754204,33754301
"190","CmSI0842","B ",37.7,"chr6",33052546,33051464
"191","CmSNP00756","B ",38.4,"chr6",37298193,37298289
"192","CmSNP00927","B ",38.6,"chr6",38382221,38382321
"193","CmSNP00438","B ",38.7,"chr6",37979958,37980056
"194","CmSI0631","B ",39.1,"chr6",38377514,38377100
"195","CmSI0565","B ",39.2,"chr6",40517836,40517512
"196","CmSNP00259","B ",39.3,NA,NA,NA
"197","CmSNP01138","B ",39.3,NA,NA,NA
"198","CmSNP01191","B ",39.3,"chr3",6786413,6786513
"199","CmSNP01430","B ",39.3,NA,NA,NA
"200","CmSI0495","B ",39.5,NA,NA,NA
"201","CmSNP00156","B ",40.9,"chr6",45710288,45710190
"202","CmSI0180","B ",41,"chr6",45490007,45490181
"203","CmSNP00990","B ",41.1,"chr6",45743209,45743109
"204","CmSNP00577","B ",41.2,"chr6",45739125,45739026
"205","CmSNP01002","B ",41.2,"chr6",45757328,45757426
"206","CmSNP00780","B ",41.3,NA,NA,NA
"207","CmSI0266","B ",41.4,"chr8",7155506,7155218
"208","CmSNP00304","B ",42.3,"chr6",46679853,46679935
"209","CmSNP00004","B ",43,"chr6",47513206,47513107
"210","CmSNP00520","B ",43.1,"chr6",47879962,47880062
"211","CmSNP01380","B ",44.9,"chr6",48235857,48235927
"212","CmSI0509","B ",45.1,"chr6",48294128,48294331
"213","CmSI0873","B ",45.9,"chr6",49062503,49061962
"214","CmSNP01164","B ",46.8,"chr6",49491485,49491585
"215","CmSI0550","B ",48.8,"chr6",50073386,50072816
"216","CmSNP00051","B ",49.1,"chr6",50218027,50218127
"217","CmSNP00779","B ",49.7,"chr6",50631658,50631562
"218","CmSNP00184","B ",50.3,"chr6",50891949,50892049
"219","CmSNP00620","B ",50.4,"chr6",50999401,50999501
"220","CmSNP00378","B ",50.4,"chr6",50512202,50512278
"221","CmSI0866","B ",50.5,"chr6",50955754,50956487
"222","CmSI0715","B ",51.7,"chr6",51277323,51276968
"223","CmSNP00889","B ",53.9,NA,NA,NA
"224","CmSNP00883","B ",54.9,"chr6",51994623,51994527
"225","CmSNP00186","B ",54.9,NA,NA,NA
"226","CmSNP01063","B ",54.9,"chr6",51968975,51968881
"227","CmSNP00086","B ",55.8,"chr6",52045965,52046050
"228","CmSNP01338","B ",55.8,NA,NA,NA
"229","CmSI0823","B ",56,"chr4",76376854,76376162
"230","CmSNP00851","B ",56.2,"chr6",52083268,52083169
"231","CmSNP00758","B ",57,"chr6",51943952,51944029
"232","CmSNP00344","B ",61.5,"chr6",53000344,53000262
"233","CmSI0027","B ",61.9,NA,NA,NA
"234","CmSNP00400","B ",62.4,"chr6",53014617,53014541
"235","CmSNP01036","B ",62.6,"chr6",53028780,53028879
"236","CmSNP00567","B ",63,"chr6",53036856,53036931
"237","CmSNP00847","B ",63,"chr6",53199645,53199724
"238","CmSNP00645","B ",63.9,"chr6",53496409,53496309
"239","CmSNP00311","B ",64.9,"chr6",53273682,53273776
"240","CmSNP00854","B ",66.2,"chr6",53562719,53562813
"241","CmSNP01141","C ",0,"chr3",11431758,11431851
"242","CmSI0747","C ",1.8,"chr3",13076667,13076364
"243","CmSNP00339","C ",4.4,"chr3",13010811,13010898
"244","CmSNP01476","C ",6.2,"chr3",13446646,13446743
"245","CmSNP00616","C ",6.3,"chr3",13925518,13925418
"246","CmSI0763","C ",7.3,NA,NA,NA
"247","CmSNP00357","C ",7.7,"chr3",13965773,13965675
"248","CmSNP01532","C ",7.8,NA,NA,NA
"249","CmSNP01003","C ",11,"chr3",15280355,15280455
"250","CmSNP01030","C ",11.3,"chr3",16141733,16141832
"251","CmSNP00486","C ",11.6,"chr3",15278758,15278841
"252","CmSNP01508","C ",12,"chr3",17110632,17110533
"253","CmSI0592","C ",14.6,"chr3",20086651,20086146
"254","CmSNP01021","C ",15.4,"chr3",20080252,20080352
"255","CmSNP01019","C ",16.7,"chr3",12794839,12794742
"256","CmSNP00223","C ",17.2,NA,NA,NA
"257","CmSNP01446","C ",17.3,"chr3",7064143,7064045
"258","CmSNP00221","C ",17.4,"chr3",7423001,7423101
"259","CmSNP00998","C ",17.7,"chr3",6468655,6468574
"260","CmSNP00738","C ",17.9,"chr3",6884487,6884587
"261","CmSNP00523","C ",18.1,NA,NA,NA
"262","CmSNP01466","C ",18.8,NA,NA,NA
"263","CmSNP00437","C ",19,"chr3",4505796,4505869
"264","CmSI0223","C ",20.5,"chr3",4615815,4616097
"265","CmSNP00063","C ",21.3,"chr3",1216331,1216238
"266","CmSNP00469","C ",21.3,"chr3",1098512,1098612
"267","CmSNP00697","C ",21.5,"chr3",952676,952776
"268","CmSI0574","C ",22.8,"chr3",27248539,27248850
"269","CmSNP00891","C ",23.1,NA,NA,NA
"270","CmSNP01053","C ",23.4,"chr3",29859637,29859737
"271","CmSNP00508","C ",23.8,"chr3",29630667,29630766
"272","CmSNP01416","C ",24.3,"chr9",31195103,31195203
"273","CmSNP01524","C ",24.3,"chr3",30815438,30815361
"274","CmSI0936","C ",24.5,"chr3",30755332,30756094
"275","CmSNP00814","C ",24.7,"chr3",33591054,33590958
"276","CmSNP00838","C ",24.7,"chr3",33591056,33590958
"277","CmSNP01121","C ",24.7,"chr3",32681174,32681093
"278","CmSI0918","C ",25,NA,NA,NA
"279","CmSNP01289","C ",25,"chr9",31168862,31168774
"280","CmSNP00914","C ",25,"chr3",34901941,34902040
"281","CmSNP01533","C ",25.2,"chr3",36028310,36028408
"282","CmSNP00717","C ",25.5,"chr3",36058846,36058945
"283","CmSNP01071","C ",25.7,NA,NA,NA
"284","CmSI0392","C ",26.4,"chr3",38970620,38970728
"285","CmSNP00877","C ",29.1,"chr3",43974267,43974193
"286","CmSNP01067","C ",29.1,"chr3",44066902,44066821
"287","CmSNP00262","C ",29.2,"chr3",44152713,44152813
"288","CmSNP00194","C ",29.9,NA,NA,NA
"289","CmSNP00365","C ",29.9,"chr3",48316564,48316658
"290","CmSNP01241","C ",29.9,"chr3",46810466,46810566
"291","CmSNP01366","C ",29.9,"chr3",48056605,48056705
"292","CmSNP00180","C ",29.9,"chr3",49035516,49035612
"293","CmSNP00323","C ",29.9,NA,NA,NA
"294","CmSNP01429","C ",29.9,"chr3",47843680,47843774
"295","CmSI0725","C ",30.1,"chr3",51747090,51747315
"296","CmSI0863","C ",30.1,"chr3",48239043,48239545
"297","CmSI0913","C ",30.4,"chr3",46811380,46812037
"298","CmSI0741","C ",30.8,"chr3",53716530,53716840
"299","CmSNP00228","C ",31.1,NA,NA,NA
"300","CmSNP00016","C ",31.3,"chr3",54506398,54506298
"301","CmSNP00618","C ",31.3,"chr3",54666450,54666537
"302","CmSNP01078","C ",31.6,"chr3",55994536,55994448
"303","CmSI0727","C ",31.8,"chr3",54549492,54549960
"304","CmSI0776","C ",31.8,"chr3",55971364,55971841
"305","CmSNP00279","C ",32,NA,NA,NA
"306","CmSNP00659","C ",32.8,"chr3",60834202,60834103
"307","CmSNP00596","C ",32.9,"chr3",59255784,59255866
"308","CmSNP01287","C ",33.2,"chr3",60256200,60256103
"309","CmSI0559","C ",33.3,"chr3",42811028,42810621
"310","CmSNP01207","C ",33.5,"chr3",61905804,61905704
"311","CmSNP00280","C ",34.5,NA,NA,NA
"312","CmSNP01128","C ",35.9,"chr3",66659616,66659522
"313","CmSNP00039","C ",37.2,NA,NA,NA
"314","CmSNP01529","C ",40.8,"chr3",64892002,64892094
"315","CmSNP00307","C ",41.1,"chr3",64827384,64827456
"316","CmSNP01428","C ",41.8,NA,NA,NA
"317","CmSNP00169","C ",44.4,"chr3",63901684,63901779
"318","CmSNP00698","C ",45,"chr3",64151578,64151479
"319","CmSNP01437","C ",46.3,"chr3",69595460,69595560
"320","CmSNP00587","C ",47.8,"chr3",69713790,69713690
"321","CmSNP00410","C ",48.3,"chr3",70045197,70045274
"322","CmSNP00337","C ",48.6,"chr3",71026759,71026859
"323","CmSI0832","C ",49.1,"chr3",71010288,71009767
"324","CmSNP00972","C ",51.1,"chr3",73889980,73889881
"325","CmSNP00308","C ",53,NA,NA,NA
"326","CmSNP00673","C ",54.8,NA,NA,NA
"327","CmSNP00494","C ",55.6,NA,NA,NA
"328","CmSNP00761","D ",0,"chr10",64915811,64915909
"329","CmSNP01130","D ",0,"chr10",64638050,64638129
"330","CmSNP00178","D ",0.4,"chr10",64434824,64434724
"331","CmSNP00226","D ",0.8,"chr10",64651808,64651726
"332","CmSNP00407","D ",2.2,"chr10",58594784,58594881
"333","CmSNP00748","D ",3.3,"chr10",64089694,64089599
"334","CmSNP00429","D ",4.3,NA,NA,NA
"335","CmSI0622","D ",5.4,"chr10",58573028,58574670
"336","CmSNP00788","D ",6.5,"chr10",57081173,57081081
"337","CmSNP00319","D ",6.7,"chr10",57048304,57048206
"338","CmSNP00617","D ",6.8,"chr10",59150129,59150228
"339","CmSNP00958","D ",6.9,"chr10",57054528,57054428
"340","CmSNP00363","D ",7.3,"chr10",56574541,56574640
"341","CmSNP01463","D ",7.8,"chr10",55767894,55767993
"342","CmSNP01395","D ",8.7,"chr10",54987687,54987779
"343","CmSNP00320","D ",9.8,"chr10",52081807,52081710
"344","CmSNP00863","D ",10,"chr10",52126798,52126882
"345","CmSNP01423","D ",10.3,"chr10",51145658,51145570
"346","CmSNP00601","D ",10.4,"chr10",45487370,45487447
"347","CmSNP00038","D ",10.5,NA,NA,NA
"348","CmSNP00409","D ",10.5,"chr10",50902272,50902370
"349","CmSI0426","D ",10.9,"chr10",52565180,52565303
"350","CmSI0810","D ",11.1,"chr10",50733255,50733804
"351","CmSNP00328","D ",11.9,"chr10",50142807,50142907
"352","CmSNP00340","D ",13.4,NA,NA,NA
"353","CmSNP00722","D ",13.4,"chr10",43998716,43998791
"354","CmSNP00361","D ",13.9,"chr10",40962805,40962705
"355","CmSNP00384","D ",14.8,NA,NA,NA
"356","CmSNP01457","D ",15,"chr10",35262675,35262583
"357","CmSNP00426","D ",15.2,"chr10",37232196,37232096
"358","CmSNP01055","D ",15.2,"chr10",40884081,40883981
"359","CmSNP01531","D ",15.5,"chr10",33287009,33287109
"360","CmSNP01365","D ",16,"chr10",31709720,31709819
"361","CmSI0815","D ",16.8,"chr10",28135429,28134847
"362","CmSNP00718","D ",16.9,"chr10",28185322,28185246
"363","CmSNP00895","D ",16.9,"chr10",28242129,28242226
"364","CmSNP01348","D ",17.1,NA,NA,NA
"365","CmSNP00786","D ",17.2,"chr10",26432626,26432530
"366","CmSI0013","D ",17.4,"chr10",27561790,27562740
"367","CmSNP00218","D ",17.8,NA,NA,NA
"368","CmSNP00439","D ",18.2,"chr10",29804540,29804640
"369","CmSNP00538","D ",18.2,"chr10",29800842,29800919
"370","CmSNP00123","D ",18.4,"chr10",22653200,22653300
"371","CmSNP01225","D ",19,NA,NA,NA
"372","CmSNP00561","D ",19.3,"chr10",21029213,21029313
"373","CmSNP00959","D ",19.6,"chr10",20184307,20184396
"374","CmSNP00451","D ",19.6,"chr10",19942621,19942531
"375","CmSNP00204","D ",19.7,NA,NA,NA
"376","CmSNP01387","D ",19.9,"chr10",19819766,19819666
"377","CmSNP00026","D ",20.7,"chr10",18996085,18995985
"378","CmSI0504","D ",21.6,"chr10",19166667,19166492
"379","CmSNP01198","D ",22,"chr10",15983875,15983973
"380","CmSNP00154","D ",23.5,NA,NA,NA
"381","CmSNP00599","D ",23.5,"chr10",13931973,13931873
"382","CmSNP01062","D ",23.5,"chr10",13474107,13474207
"383","CmSNP01122","D ",23.5,NA,NA,NA
"384","CmSNP00020","D ",23.6,"chr10",11695824,11695901
"385","CmSNP00751","D ",24,NA,NA,NA
"386","CmSI0739","D ",24.2,"chr10",16430326,16431091
"387","CmSNP01271","D ",24.2,"chr10",16433311,16433213
"388","CmSNP00954","D ",24.5,"chr10",8913042,8912942
"389","CmSNP01505","D ",24.5,"chr10",8939445,8939529
"390","CmSNP01277","D ",24.9,"chr10",12442882,12442982
"391","CmSNP01126","D ",26.3,"chr10",7245087,7245187
"392","CmSNP01392","D ",27.1,"chr10",6913246,6913146
"393","CmSNP01306","D ",27.9,NA,NA,NA
"394","CmSNP00347","D ",29.8,"chr10",5711920,5712018
"395","CmSI0914","D ",29.9,"chr10",5502486,5501832
"396","CmSNP00478","D ",30.6,NA,NA,NA
"397","CmSNP00114","D ",30.7,"chr10",5612266,5612365
"398","CmSI0835","D ",31.5,"chr10",5008961,5009312
"399","CmSNP00517","D ",31.6,"chr10",5002553,5002625
"400","CmSNP00236","D ",31.6,"chr10",5485998,5485916
"401","CmSNP01487","D ",32.1,"chr10",5015381,5015480
"402","CmSI0935","D ",33.2,NA,NA,NA
"403","CmSNP00402","D ",33.5,"chr10",4469701,4469794
"404","CmSNP01342","D ",33.5,"chr10",4405785,4405884
"405","CmSNP00070","D ",35.1,"chr10",4048517,4048617
"406","CmSNP00172","D ",35.1,"chr10",4054092,4054192
"407","CmSI0646","D ",35.7,"chr10",2393136,2392425
"408","CmSNP01077","D ",36.1,"chr10",3664568,3664470
"409","CmSNP01411","D ",36.2,"chr10",2393658,2393567
"410","CmSNP00012","D ",36.3,"chr10",3816873,3816780
"411","CmSNP00074","D ",37.3,"chr10",3375346,3375247
"412","CmSNP00289","D ",38.8,"chr10",2844045,2844138
"413","CmSI0119","D ",39.5,"chr10",2805136,2805262
"414","CmSNP01174","D ",39.5,"chr10",4210813,4210909
"415","CmSNP00556","D ",43.5,NA,NA,NA
"416","CmSI0585","D ",44.3,NA,NA,NA
"417","CmSNP00800","D ",45.4,"chr10",888984,889079
"418","CmSNP00595","D ",45.9,"chr10",1855041,1854954
"419","CmSI0484","D ",46.6,"chr10",786379,786511
"420","CmSNP00056","D ",48.6,NA,NA,NA
"421","CmSNP00450","D ",48.8,"chr10",789767,789864
"422","CmSI0601","D ",49.3,NA,NA,NA
"423","CmSI0602","D ",49.4,NA,NA,NA
"424","CmSI0931","D ",51.7,NA,NA,NA
"425","CmSI0689","D ",54.5,"chr10",301898,301487
"426","CmSI0688","D ",55.8,"chr10",301898,301487
"427","CmSNP00496","D ",57.7,"chr10",602952,602863
"428","CmSNP01520","E ",0,"chr5",1503109,1503013
"429","CmSNP01317","E ",4.8,"chr5",594470,594376
"430","CmSI0945","E ",5.3,"chr5",1503177,1500452
"431","CmSNP00886","E ",6.1,"chr5",971897,971797
"432","CmSNP00834","E ",6.5,"chr5",787866,787966
"433","CmSNP00068","E ",7,"chr5",961823,961733
"434","CmSNP01197","E ",8,"chr5",1253479,1253579
"435","CmSI0944","E ",9.2,"chr5",1503177,1500452
"436","CmSNP01378","E ",9.4,"chr5",1406937,1407037
"437","CmSI0011","E ",11.2,"chr5",2019730,2019976
"438","CmSI0380","E ",13.4,"chr5",3153423,3153673
"439","CmSNP00809","E ",13.9,"chr5",3968210,3968110
"440","CmSNP00671","E ",14.3,"chr5",3253761,3253661
"441","CmSNP01038","E ",14.3,"chr5",4002843,4002941
"442","CmSNP01056","E ",14.6,"chr5",3766671,3766576
"443","CmSNP00006","E ",14.9,"chr5",3855735,3855661
"444","CmSNP01363","E ",14.9,"chr5",3865620,3865523
"445","CmSNP00021","E ",15.5,"chr5",4216338,4216241
"446","CmSNP01106","E ",17.5,NA,NA,NA
"447","CmSNP00098","E ",18.7,"chr5",8733853,8733950
"448","CmSNP00950","E ",19,"chr5",9535520,9535620
"449","CmSNP00513","E ",19.1,"chr5",9414768,9414868
"450","CmSNP01031","E ",19.4,"chr5",9441582,9441681
"451","CmSNP00880","E ",20.4,"chr5",12056733,12056831
"452","CmSNP00214","E ",20.4,"chr5",24867833,24867736
"453","CmSNP00244","E ",20.6,"chr5",9691704,9691606
"454","CmSNP01522","E ",20.9,"chr5",9701621,9701721
"455","CmSNP00625","E ",21.1,"chr5",11291269,11291364
"456","CmSNP00921","E ",21.4,"chr5",12678555,12678646
"457","CmSNP01244","E ",21.4,"chr5",12469270,12469170
"458","CmSNP01199","E ",21.7,"chr5",12734064,12734142
"459","CmSNP00371","E ",22.1,"chr5",1020417,1020346
"460","CmSNP00822","E ",22.3,"chr5",27042396,27042493
"461","CmSNP00773","E ",23.2,"chr5",20048132,20048229
"462","CmSNP00907","E ",23.4,"chr5",15779252,15779152
"463","CmSNP00639","E ",23.5,"chr5",15101001,15100904
"464","CmSNP00417","E ",23.8,"chr5",15587386,15587308
"465","CmSI0541","E ",24.1,"chr5",15287143,15286819
"466","CmSI0765","E ",24.2,NA,NA,NA
"467","CmSNP00148","E ",24.4,"chr5",19741160,19741259
"468","CmSNP00268","E ",24.6,"chr5",16428041,16428137
"469","CmSNP00455","E ",25,NA,NA,NA
"470","CmSNP00875","E ",25.4,"chr5",18772005,18771906
"471","CmSNP01530","E ",25.6,"chr5",19774902,19774818
"472","CmSNP00762","E ",25.9,"chr5",21321753,21321836
"473","CmSNP00495","E ",26,"chr5",21199589,21199490
"474","CmSI0463","E ",26.5,"chr5",21822712,21822556
"475","CmSNP00678","E ",27.1,"chr5",25305166,25305265
"476","CmSNP00266","E ",27.6,NA,NA,NA
"477","CmSNP00942","E ",27.7,NA,NA,NA
"478","CmSNP01425","E ",28.6,"chr5",29501155,29501070
"479","CmSNP00216","E ",28.9,"chr5",29562182,29562282
"480","CmSNP00631","E ",29.2,"chr5",31395563,31395663
"481","CmSNP00736","E ",29.2,"chr5",30838601,30838698
"482","CmSNP01421","E ",29.2,NA,NA,NA
"483","CmSI0467","E ",29.4,NA,NA,NA
"484","CmSI0606","E ",29.7,"chr5",40584702,40585226
"485","CmSNP00330","E ",29.9,"chr5",34038153,34038253
"486","CmSNP01051","E ",29.9,"chr5",35552636,35552733
"487","CmSNP01367","E ",29.9,"chr5",32616567,32616468
"488","CmSI0939","E ",30.3,"chr5",40988421,40988714
"489","CmSNP00249","E ",31,"chr5",48202208,48202113
"490","CmSI0617","E ",31.5,"chr5",48204153,48203479
"491","CmSNP00166","E ",31.5,"chr5",50230699,50230799
"492","CmSNP00422","E ",31.5,"chr5",48331265,48331166
"493","CmSNP00540","E ",31.5,NA,NA,NA
"494","CmSI0761","E ",32.3,"chr5",60722514,60721967
"495","CmSNP01320","E ",32.9,"chr5",59277036,59276938
"496","CmSNP01415","E ",33.1,NA,NA,NA
"497","CmSNP00158","E ",33.4,"chr5",58511316,58511232
"498","CmSI0076","E ",33.5,"chr5",60258561,60258380
"499","CmSI0321","E ",33.5,"chr5",60258577,60258380
"500","CmSNP00715","E ",33.5,"chr5",58546379,58546479
"501","CmSNP01343","E ",33.5,"chr5",58338097,58337997
"502","CmSNP01364","E ",33.8,"chr5",57939624,57939724
"503","CmSNP01515","E ",34.3,"chr5",47295415,47295514
"504","CmSNP00650","E ",34.6,"chr5",55405848,55405772
"505","CmSNP01131","E ",34.7,"chr5",55197045,55196947
"506","CmSNP00140","E ",34.9,NA,NA,NA
"507","CmSI0883","E ",35.1,NA,NA,NA
"508","CmSI0870","E ",35.2,"chr5",53247315,53247730
"509","CmSNP01324","E ",35.4,"chr5",53861562,53861641
"510","CmSNP00984","E ",35.5,"chr5",62570780,62570692
"511","CmSNP00239","E ",35.6,"chr5",61826820,61826918
"512","CmSI0829","E ",36.1,"chr5",62583013,62582728
"513","CmSI0035","E ",36.4,"chr5",62558288,62558421
"514","CmSI0908","E ",36.4,"chr5",61901055,61900341
"515","CmSNP01034","E ",37.1,"chr5",65261504,65261428
"516","CmSNP00349","E ",37.4,"chr5",66608540,66608627
"517","CmSNP00957","E ",37.7,"chr5",69196950,69197050
"518","CmSNP01427","E ",37.7,"chr5",66925531,66925631
"519","CmSNP01513","E ",37.7,NA,NA,NA
"520","CmSNP00273","E ",38.1,NA,NA,NA
"521","CmSNP00227","E ",38.2,NA,NA,NA
"522","CmSI0558","E ",38.7,"chr5",67807710,67807960
"523","CmSNP00271","E ",38.8,"chr5",71905204,71905288
"524","CmSNP00505","E ",39,"chr5",71929041,71928952
"525","CmSNP00955","E ",39.2,"chr5",69172820,69172904
"526","CmSNP01458","E ",39.5,"chr5",73542975,73542876
"527","CmSI0396","E ",40.1,"chr5",71739805,71739988
"528","CmSNP01331","E ",40.4,NA,NA,NA
"529","CmSI0681","E ",40.6,"chr5",73276522,73277679
"530","CmSNP01499","E ",41.3,NA,NA,NA
"531","CmSI0886","E ",41.8,"chr5",77176947,77177983
"532","CmSNP00615","E ",41.8,"chr5",71877349,71877249
"533","CmSNP01222","E ",44,"chr5",282355,282258
"534","CmSNP01143","E ",47.5,"chr5",81863758,81863858
"535","CmSNP01444","E ",48.3,"chr5",75153984,75153907
"536","CmSNP01486","E ",51,"chr5",83550851,83550950
"537","CmSNP01057","E ",51.3,"chr8",16713852,16713951
"538","CmSNP00859","E ",53.7,"chr5",81676182,81676279
"539","CmSI0800","E ",61.5,"chr5",85520851,85520654
"540","CmSNP01353","E ",64.8,"chr5",85095424,85095324
"541","CmSNP00427","F ",0,NA,NA,NA
"542","CmSNP01217","F ",1.1,"chr8",661102,661202
"543","CmSNP00825","F ",1.6,"chr8",640900,641000
"544","CmSNP00045","F ",4.4,NA,NA,NA
"545","CmSI0930","F ",4.8,"chr8",1672265,1670224
"546","CmSNP00504","F ",5.8,"chr8",2530203,2530103
"547","CmSNP01368","F ",7.6,"chr8",2667253,2667352
"548","CmSNP00350","F ",8.5,"chr8",3375463,3375563
"549","CmSNP00015","F ",9.5,"chr8",3891576,3891675
"550","CmSNP01534","F ",9.7,"chr8",3195837,3195737
"551","CmSNP01201","F ",12.6,"chr8",4719946,4720044
"552","CmSNP01195","F ",13.9,"chr8",5496038,5495939
"553","CmSI0527","F ",14.8,"chr8",8240585,8241040
"554","CmSNP00295","F ",15.3,"chr8",8536676,8536584
"555","CmSNP00963","F ",15.6,"chr8",8076965,8076869
"556","CmSNP01426","F ",15.6,NA,NA,NA
"557","CmSI0934","F ",16.1,"chr8",7449669,7450152
"558","CmSI0627","F ",16.8,"chr8",7306072,7305240
"559","CmSNP01220","F ",17.3,"chr9",24282482,24282582
"560","CmSNP00296","F ",18.3,"chr8",9616250,9616165
"561","CmSI0724","F ",18.8,"chr8",10563599,10564081
"562","CmSNP00515","F ",19.4,"chr8",10709833,10709925
"563","CmSNP01523","F ",19.5,"chr8",11516801,11516702
"564","CmSNP00011","F ",19.8,"chr8",11849543,11849443
"565","CmSNP00510","F ",20.5,"chr8",13452183,13452085
"566","CmSNP01362","F ",20.7,"chr8",12771640,12771542
"567","CmSNP00541","F ",21.1,"chr8",18115117,18115037
"568","CmSNP00982","F ",21.2,NA,NA,NA
"569","CmSNP00294","F ",21.5,NA,NA,NA
"570","CmSNP00746","F ",22.1,"chr8",20016782,20016706
"571","CmSNP01115","F ",23.4,"chr8",30364104,30364004
"572","CmSNP00161","F ",24.1,"chr8",22330682,22330587
"573","CmSNP00084","F ",24.5,"chr8",26653054,26652955
"574","CmSI0888","F ",25.2,"chr8",24006789,24007272
"575","CmSNP01296","F ",25.3,"chr8",37074264,37074358
"576","CmSI0507","F ",25.4,"chr8",29691342,29691588
"577","CmSNP00025","F ",25.6,NA,NA,NA
"578","CmSNP01485","F ",25.6,"chr8",37799822,37799920
"579","CmSI0477","F ",25.7,"chr8",37601109,37600922
"580","CmSNP00749","F ",26.6,"chr8",37180256,37180355
"581","CmSI0332","F ",27,"chr8",30218634,30218445
"582","CmSNP00167","F ",29.4,"chr8",40129493,40129393
"583","CmSI0781","F ",30.3,"chr8",64447897,64447527
"584","CmSNP00723","F ",30.9,NA,NA,NA
"585","CmSI0777","F ",31.3,NA,NA,NA
"586","CmSNP00592","F ",35.2,"chr8",48252002,48251902
"587","CmSNP01200","F ",36.8,"chr8",47951145,47951042
"588","CmSI0894","F ",37.5,NA,NA,NA
"589","CmSNP00475","F ",38.2,"chr8",48323156,48323240
"590","CmSI0085","F ",38.6,"chr8",48280711,48280579
"591","CmSNP01509","F ",39.9,NA,NA,NA
"592","CmSNP01082","F ",41.6,"chr4",45958073,45957979
"593","CmSNP00121","F ",41.9,NA,NA,NA
"594","CmSNP00237","F ",44.6,NA,NA,NA
"595","CmSNP01313","F ",45.6,"chr8",45697876,45697976
"596","CmSNP01023","F ",46.8,"chr8",45439426,45439356
"597","CmSNP01333","F ",53.1,"chr8",44840118,44840216
"598","CmSNP01469","F ",54.7,NA,NA,NA
"599","CmSNP00301","F ",59.7,"chr8",16218,16314
"600","CmSNP00231","G ",0,NA,NA,NA
"601","CmSNP00406","G ",2,"chr11",552578,552677
"602","CmSNP00925","G ",3.1,NA,NA,NA
"603","CmSNP00067","G ",3.5,NA,NA,NA
"604","CmSI0830","G ",13,"chr11",3983188,3982311
"605","CmSNP00096","G ",24,"chr11",5024606,5024706
"606","CmSNP00529","G ",24.2,"chr11",5674574,5674660
"607","CmSNP00840","G ",25.9,"chr11",7211319,7211419
"608","CmSNP00168","G ",26.2,NA,NA,NA
"609","CmSNP00906","G ",26.4,"chr11",8794273,8794348
"610","CmSNP00965","G ",26.9,"chr11",9249906,9249806
"611","CmSI0212","G ",27.2,"chr11",9268622,9268936
"612","CmSNP00632","G ",27.4,NA,NA,NA
"613","CmSNP01091","G ",27.5,"chr11",8818137,8818038
"614","CmSNP01460","G ",27.6,"chr11",9898929,9898841
"615","CmSNP00106","G ",27.7,"chr11",8035564,8035642
"616","CmSI0749","G ",27.8,NA,NA,NA
"617","CmSNP00509","G ",29.2,"chr11",13634109,13634204
"618","CmSNP01408","G ",29.8,"chr11",12058157,12058076
"619","CmSNP00305","G ",29.9,"chr11",13763606,13763706
"620","CmSNP00198","G ",30,"chr11",12701807,12701902
"621","CmSNP00997","G ",30.3,"chr11",13475006,13474914
"622","CmSNP00466","G ",30.5,"chr11",13620539,13620440
"623","CmSNP00457","G ",30.7,"chr11",16242411,16242311
"624","CmSNP00118","G ",31.1,"chr11",18725484,18725414
"625","CmSNP01397","G ",31.7,"chr11",18229277,18229177
"626","CmSNP00910","G ",32.3,"chr11",18499364,18499264
"627","CmSNP00913","G ",33.4,"chr11",19527305,19527219
"628","CmSNP00884","G ",33.9,"chr11",19810855,19810946
"629","CmSNP01379","G ",33.9,"chr11",20702016,20701917
"630","CmSNP01412","G ",34.6,"chr11",21477779,21477679
"631","CmSI0754","G ",34.6,"chr11",21206435,21206697
"632","CmSNP01108","G ",34.8,"chr11",22862178,22862276
"633","CmSNP00411","G ",35.1,"chr1",16136533,16136433
"634","CmSNP01309","G ",35.4,"chr11",23730603,23730702
"635","CmSNP01295","G ",35.6,"chr11",30367641,30367741
"636","CmSNP00134","G ",35.7,NA,NA,NA
"637","CmSNP01186","G ",35.7,"chr11",29933686,29933770
"638","CmSI0003","G ",35.7,"chr11",39030474,39030214
"639","CmSNP00275","G ",35.7,NA,NA,NA
"640","CmSNP00335","G ",35.7,NA,NA,NA
"641","CmSNP00937","G ",35.7,NA,NA,NA
"642","CmSNP01136","G ",35.7,"chr11",32288158,32288058
"643","CmSNP01148","G ",35.7,"chr10",55702683,55702783
"644","CmSNP00938","G ",35.8,NA,NA,NA
"645","CmSNP00415","G ",35.9,NA,NA,NA
"646","CmSI0064","G ",36,NA,NA,NA
"647","CmSI0293","G ",36,"chr11",26665463,26665197
"648","CmSI0614","G ",36,"chr11",26664630,26666313
"649","CmSI0658","G ",36,"chr11",26664630,26666313
"650","CmSNP01355","G ",36.3,"chr11",29234901,29234801
"651","CmSNP00700","G ",36.3,"chr11",32626817,32626717
"652","CmSNP00811","G ",36.4,"chr11",25378996,25378899
"653","CmSI0576","G ",36.7,"chr11",33711597,33710645
"654","CmSNP00672","G ",36.7,"chr11",33963381,33963456
"655","CmSNP01226","G ",37.4,"chr11",38620268,38620198
"656","CmSNP00127","G ",37.4,NA,NA,NA
"657","CmSI0816","G ",37.5,"chr11",34341632,34340725
"658","CmSNP00882","G ",37.5,"chr11",34347529,34347427
"659","CmSNP01418","G ",37.5,NA,NA,NA
"660","CmSNP01206","G ",38.2,"chr11",43446507,43446607
"661","CmSNP01350","G ",39.5,"chr11",43654978,43655077
"662","CmSNP00075","G ",39.8,"chr11",45443250,45443150
"663","CmSNP00988","G ",40.2,"chr11",45203547,45203450
"664","CmSI0925","G ",40.8,"chr11",38405636,38405292
"665","CmSI0717","G ",42.2,"chr11",49952912,49952586
"666","CmSNP00528","G ",42.2,"chr11",46878910,46878810
"667","CmSNP00238","G ",42.4,"chr11",46371443,46371541
"668","CmSNP00185","G ",43.2,"chr11",48579599,48579501
"669","CmSNP00341","G ",43.3,NA,NA,NA
"670","CmSNP00582","G ",45.7,NA,NA,NA
"671","CmSNP01440","G ",49,NA,NA,NA
"672","CmSNP00468","G ",51.6,NA,NA,NA
"673","CmSNP00348","G ",60.9,"chr11",56916426,56916330
"674","CmSNP01155","G ",62.5,"chr11",56282482,56282382
"675","CmSNP01497","H ",0,NA,NA,NA
"676","CmSNP00430","H ",1.3,"chr1",34542642,34542740
"677","CmSI0858","H ",3.5,NA,NA,NA
"678","CmSNP00188","H ",5.2,NA,NA,NA
"679","CmSNP00091","H ",5.4,"chr1",38649086,38649186
"680","CmSNP00257","H ",6.6,"chr1",36741182,36741281
"681","CmSNP00820","H ",7,"chr1",37599217,37599117
"682","CmSNP00193","H ",7.3,"chr1",32960877,32960979
"683","CmSI0831","H ",7.8,"chr1",40048806,40049251
"684","CmSNP00530","H ",8,"chr1",49748538,49748638
"685","CmSI0272","H ",8.2,"chr1",28994178,28994491
"686","CmSNP00839","H ",8.4,"chr1",24423052,24423152
"687","CmSNP01120","H ",8.4,"chr1",38285422,38285522
"688","CmSNP01087","H ",8.6,"chr1",33208068,33207978
"689","CmSI0660","H ",8.9,"chr1",31422583,31423424
"690","CmSNP00054","H ",9.1,"chr1",31579157,31579256
"691","CmSI0588","H ",9.4,"chr1",26833260,26832717
"692","CmSNP00741","H ",9.9,"chr1",27320879,27320796
"693","CmSNP01233","H ",10.2,"chr1",28943295,28943208
"694","CmSNP00053","H ",10.2,"chr1",28508499,28508399
"695","CmSNP01043","H ",10.2,"chr1",28874277,28874377
"696","CmSNP01193","H ",10.5,"chr1",27254830,27254911
"697","CmSNP01254","H ",10.8,"chr1",26788688,26788589
"698","CmSI0696","H ",10.9,"chr1",26766435,26766148
"699","CmSNP01110","H ",11.2,"chr1",23476329,23476239
"700","CmSNP00107","H ",11.7,"chr1",22266457,22266557
"701","CmSNP00243","H ",11.7,"chr1",22370607,22370507
"702","CmSNP01117","H ",11.7,"chr1",22291890,22291792
"703","CmSNP01344","H ",11.8,"chr1",23784851,23784950
"704","CmSNP01232","H ",12.2,"chr1",22220395,22220296
"705","CmSNP00099","H ",12.2,"chr1",21958420,21958525
"706","CmSI0531","H ",13.5,"chr1",20385052,20384659
"707","CmSI0532","H ",13.6,"chr1",20385052,20384659
"708","CmSNP00721","H ",13.8,"chr1",20177802,20177712
"709","CmSNP00789","H ",13.8,"chr1",20207741,20207641
"710","CmSNP00687","H ",13.9,"chr1",20363329,20363429
"711","CmSNP01276","H ",14,"chr1",19776122,19776221
"712","CmSI0940","H ",14.5,"chr1",19442633,19442869
"713","CmSNP01341","H ",14.8,"chr1",18870113,18870040
"714","CmSI0490","H ",14.9,"chr1",19511583,19510592
"715","CmSI0549","H ",16.1,"chr1",17340515,17341198
"716","CmSI0878","H ",16.2,"chr1",17342204,17341685
"717","CmSNP01322","H ",16.4,NA,NA,NA
"718","CmSNP00404","H ",17.1,"chr1",15062398,15062496
"719","CmSI0594","H ",17.2,NA,NA,NA
"720","CmSI0381","H ",17.5,"chr1",15781914,15782126
"721","CmSI0591","H ",18.5,"chr10",41407486,41408788
"722","CmSNP00088","H ",19.5,"chr1",10469754,10469845
"723","CmSNP00208","H ",19.6,NA,NA,NA
"724","CmSI0905","H ",19.8,"chr1",10811671,10811280
"725","CmSNP00887","H ",19.8,"chr1",10850579,10850677
"726","CmSI0834","H ",20,"chr1",11721436,11721838
"727","CmSNP00481","H ",20.1,NA,NA,NA
"728","CmSNP00683","H ",20.2,NA,NA,NA
"729","CmSNP00808","H ",20.2,"chr1",11882270,11882369
"730","CmSNP01329","H ",20.5,NA,NA,NA
"731","CmSNP01008","H ",20.6,"chr1",9102880,9102980
"732","CmSNP00080","H ",20.9,"chr1",8783060,8782965
"733","CmSI0630","H ",21.4,"chr1",12555417,12556023
"734","CmSNP00503","H ",21.4,"chr1",8796428,8796525
"735","CmSNP01107","H ",21.5,"chr1",9838628,9838558
"736","CmSNP00383","H ",22.3,"chr1",8466835,8466735
"737","CmSNP01047","H ",22.6,"chr11",22042417,22042496
"738","CmSI0083","H ",22.9,NA,NA,NA
"739","CmSNP00141","H ",23.3,"chr1",8034533,8034434
"740","CmSNP00870","H ",23.5,"chr1",7951821,7951921
"741","CmSNP01093","H ",23.6,"chr1",7983516,7983613
"742","CmSNP01218","H ",24.3,"chr1",7765698,7765599
"743","CmSI0031","H ",25.3,"chr1",8784546,8784377
"744","CmSNP00225","H ",25.4,"chr1",7441093,7440990
"745","CmSI0596","H ",25.7,"chr1",8781163,8780629
"746","CmSNP00916","H ",26,"chr1",7260353,7260450
"747","CmSNP01297","H ",26.1,"chr1",8673517,8673417
"748","CmSI0551","H ",26.3,"chr1",7351114,7351594
"749","CmSNP00837","H ",26.7,"chr1",6224165,6224065
"750","CmSNP00062","H ",27.3,NA,NA,NA
"751","CmSNP01373","H ",28.8,"chr1",6124278,6124378
"752","CmSI0750","H ",31.2,"chr1",5691267,5690951
"753","CmSI0705","H ",31.5,"chr1",5351783,5353206
"754","CmSNP01393","H ",31.7,"chr1",5651253,5651353
"755","CmSNP01518","H ",32.2,"chr1",5292702,5292802
"756","CmSNP00947","H ",32.3,"chr1",5292591,5292691
"757","CmSNP00454","H ",32.6,NA,NA,NA
"758","CmSNP00853","H ",36.3,"chr1",4689602,4689703
"759","CmSNP00332","H ",36.8,"chr1",4491786,4491869
"760","CmSNP00516","H ",36.8,"chr1",4645493,4645394
"761","CmSNP01354","H ",36.8,NA,NA,NA
"762","CmSI0849","H ",37.8,"chr1",4192350,4192708
"763","CmSI0780","H ",38.2,"chr1",4258344,4258729
"764","CmSI0686","H ",38.8,"chr8",61940307,61939872
"765","CmSNP00491","H ",39.5,NA,NA,NA
"766","CmSNP00028","H ",40.4,NA,NA,NA
"767","CmSNP00064","H ",40.7,NA,NA,NA
"768","CmSI0710","H ",40.9,NA,NA,NA
"769","CmSNP00343","H ",41.1,"chr1",3464300,3464202
"770","CmSNP01013","H ",41.1,"chr1",3455628,3455529
"771","CmSI0848","H ",41.2,"chr1",4064663,4064207
"772","CmSNP00566","H ",42.4,NA,NA,NA
"773","CmSNP00007","H ",43.1,"chr1",3116975,3116881
"774","CmSNP01447","H ",44.8,"chr1",2018739,2018812
"775","CmSI0589","H ",46,"chr1",2599647,2599116
"776","CmSNP00931","H ",46.5,NA,NA,NA
"777","CmSNP01227","H ",46.6,"chr1",2284167,2284067
"778","CmSNP01461","H ",49.2,"chr1",1757841,1757929
"779","CmSI0437","H ",49.4,NA,NA,NA
"780","CmSNP00187","H ",50.2,"chr1",1683890,1683807
"781","CmSNP00131","H ",52.3,"chr1",1525541,1525612
"782","CmSNP01096","H ",52.3,"chr1",1523523,1523623
"783","CmSNP00434","H ",56.9,NA,NA,NA
"784","CmSI0556","H ",57.2,"chr1",193134,193554
"785","CmSNP01514","H ",57.5,"chr1",939517,939616
"786","CmSI0028","H ",58.7,NA,NA,NA
"787","CmSI0680","H ",59.4,"chr1",464544,464665
"788","CmSNP00325","H ",59.7,"chr1",137211,137311
"789","CmSNP01224","H ",60.6,"chr1",407905,407983
"790","CmSNP00060","I ",0,"chr7",44828875,44828775
"791","CmSNP00872","I ",1.2,"chr7",44232549,44232633
"792","CmSNP00559","I ",2.4,"chr7",48114075,48114172
"793","CmSNP00676","I ",2.4,"chr7",48111111,48111211
"794","CmSNP01345","I ",4.9,"chr7",47329574,47329475
"795","CmSNP00568","I ",5.4,"chr7",47321251,47321154
"796","CmSNP01015","I ",5.5,NA,NA,NA
"797","CmSNP00876","I ",6.8,"chr7",46635373,46635273
"798","CmSNP00300","I ",7.1,"chr7",46556639,46556734
"799","CmSI0855","I ",7.1,"chr7",46560304,46559668
"800","CmSI0517","I ",7.3,NA,NA,NA
"801","CmSNP01299","I ",8.1,"chr7",45960042,45960142
"802","CmSNP01049","I ",8.4,"chr7",45832228,45832128
"803","CmSNP01394","I ",10.9,"chr7",45367678,45367753
"804","CmSI0562","I ",12.3,"chr7",40678807,40679127
"805","CmSI0716","I ",12.7,"chr7",40518829,40519194
"806","CmSNP01210","I ",12.7,"chr7",45288716,45288634
"807","CmSNP00252","I ",13.6,"chr7",44809343,44809246
"808","CmSI0024","I ",13.7,NA,NA,NA
"809","CmSNP00170","I ",14,"chr7",44783827,44783751
"810","CmSNP00726","I ",14.1,"chr7",43462573,43462653
"811","CmSNP00919","I ",14.1,"chr7",43447025,43446925
"812","CmSNP01069","I ",14.1,"chr7",44453643,44453562
"813","CmSNP00299","I ",14.2,"chr7",44450068,44449970
"814","CmSNP00183","I ",14.2,"chr7",44033544,44033444
"815","CmSNP01491","I ",14.2,NA,NA,NA
"816","CmSNP00149","I ",14.6,"chr7",43063932,43064032
"817","CmSNP00546","I ",15.6,"chr7",38578618,38578718
"818","CmSNP00456","I ",16.6,NA,NA,NA
"819","CmSNP00089","I ",17.3,NA,NA,NA
"820","CmSNP00537","I ",17.4,NA,NA,NA
"821","CmSI0526","I ",17.7,NA,NA,NA
"822","CmSNP01123","I ",18.1,"chr7",37428048,37428143
"823","CmSNP00778","I ",18.2,"chr7",19824928,19824828
"824","CmSNP00641","I ",18.3,"chr7",36265895,36265982
"825","CmSNP00081","I ",18.3,NA,NA,NA
"826","CmSNP01111","I ",18.4,NA,NA,NA
"827","CmSNP00833","I ",18.7,NA,NA,NA
"828","CmSNP01169","I ",18.7,"chr1",7960549,7960649
"829","CmSNP00162","I ",19,"chr7",35108334,35108418
"830","CmSNP01273","I ",19.2,"chr7",35001543,35001445
"831","CmSNP01190","I ",19.3,"chr7",34706164,34706067
"832","CmSI0539","I ",20.2,"chr7",31941039,31941581
"833","CmSNP01482","I ",20.6,"chr7",31619170,31619270
"834","CmSNP00302","I ",21,"chr7",28304268,28304357
"835","CmSNP00313","I ",21.2,"chr7",30390421,30390321
"836","CmSNP00900","I ",21.2,"chr7",28335115,28335191
"837","CmSNP01040","I ",21.2,"chr7",28320127,28320224
"838","CmSI0762","I ",21.3,"chr7",30535514,30536186
"839","CmSI0735","I ",21.5,"chr7",30512856,30513406
"840","CmSI0513","I ",21.6,"chr12",1580220,1580963
"841","CmSNP00103","I ",22.1,"chr7",23653249,23653145
"842","CmSNP00078","I ",22.1,"chr7",26708856,26708956
"843","CmSI0362","I ",22.3,"chr7",24293364,24293090
"844","CmSNP00706","I ",22.4,"chr7",24217486,24217580
"845","CmSNP01075","I ",22.5,"chr7",18500510,18500416
"846","CmSNP00593","I ",22.6,"chr7",25557798,25557712
"847","CmSI0564","I ",22.9,"chr7",25820119,25819847
"848","CmSNP00270","I ",23.1,NA,NA,NA
"849","CmSNP01159","I ",23.4,"chr7",17588867,17588967
"850","CmSNP01284","I ",23.8,"chr7",16700043,16699954
"851","CmSNP00784","I ",24,"chr7",14600944,14601044
"852","CmSNP00196","I ",24.1,"chr7",15185917,15185823
"853","CmSNP00511","I ",24.7,NA,NA,NA
"854","CmSNP00142","I ",25.1,"chr7",17832146,17832235
"855","CmSI0069","I ",25.1,"chr7",14153134,14153262
"856","CmSNP00796","I ",25.2,"chr7",12680805,12680705
"857","CmSI0744","I ",25.5,"chr7",15525816,15525281
"858","CmSNP00605","I ",25.7,NA,NA,NA
"859","CmSNP00159","I ",26.3,"chr7",12065861,12065761
"860","CmSNP00014","I ",26.7,"chr7",12400025,12399934
"861","CmSNP00675","I ",27.1,"chr7",13339956,13340052
"862","CmSI0933","I ",27.8,"chr7",15238967,15239275
"863","CmSNP00806","I ",28,"chr7",18760943,18761041
"864","CmSI0506","I ",30.7,"chr7",12645518,12644879
"865","CmSI0841","I ",33.6,NA,NA,NA
"866","CmSNP00126","I ",33.7,"chr7",6599364,6599463
"867","CmSI0729","I ",35.8,NA,NA,NA
"868","CmSI0797","I ",36.5,"chr7",4209027,4208680
"869","CmSNP00702","I ",37.4,NA,NA,NA
"870","CmSNP01167","I ",37.5,"chr7",5233614,5233711
"871","CmSNP01361","I ",38.3,"chr7",3629433,3629334
"872","CmSNP00213","I ",38.9,"chr7",4276224,4276124
"873","CmSNP00619","I ",40.4,"chr7",2691984,2692083
"874","CmSNP01116","I ",40.7,"chr7",3016334,3016234
"875","CmSNP00073","I ",42.1,"chr7",3732367,3732463
"876","CmSNP00247","I ",44.9,"chr7",3092146,3092046
"877","CmSI0751","I ",47,"chr7",674455,674205
"878","CmSNP01282","I ",48.8,NA,NA,NA
"879","CmSNP01448","I ",50.3,"chr7",609467,609567
"880","CmSNP01480","I ",52.1,"chr7",119150,119078
"881","CmSNP01046","I ",53.4,NA,NA,NA
"882","CmSNP01230","I ",53.7,"chr7",84711,84613
"883","CmSNP01419","I ",54.7,"chr5",50103705,50103633
"884","CmSNP00594","J ",0,"chr12",1137830,1137908
"885","CmSNP00393","J ",3.1,"chr12",321045,320945
"886","CmSNP00597","J ",3.4,"chr12",265309,265209
"887","CmSNP00591","J ",4.2,"chr12",755305,755405
"888","CmSNP01417","J ",12.5,"chr12",2156912,2157012
"889","CmSNP00146","J ",17.4,"chr12",2471716,2471813
"890","CmSNP01223","J ",19.8,NA,NA,NA
"891","CmSNP01231","J ",20.2,NA,NA,NA
"892","CmSNP01214","J ",21.4,"chr12",4354400,4354310
"893","CmSNP01502","J ",21.5,"chr12",4353893,4353795
"894","CmSI0094","J ",24.6,NA,NA,NA
"895","CmSNP00471","J ",25.1,"chr12",4739836,4739737
"896","CmSNP00653","J ",27.4,"chr12",5111730,5111830
"897","CmSNP01474","J ",27.7,"chr12",5170317,5170217
"898","CmSI0538","J ",28.1,"chr12",5860149,5860979
"899","CmSNP00321","J ",29,"chr12",7994391,7994491
"900","CmSNP00644","J ",30.3,"chr12",7784907,7784828
"901","CmSNP01158","J ",30.9,"chr12",6966466,6966366
"902","CmSI0401","J ",31.4,"chr12",11258704,11258863
"903","CmSNP00375","J ",32.3,NA,NA,NA
"904","CmSNP00398","J ",32.4,"chr12",9056875,9056959
"905","CmSNP00403","J ",32.6,"chr12",7846470,7846560
"906","CmSNP01459","J ",33.1,"chr12",9564496,9564398
"907","CmSNP00987","J ",33.2,"chr12",9803589,9803514
"908","CmSNP00359","J ",33.7,"chr12",11949966,11949868
"909","CmSNP00485","J ",33.9,"chr12",12143585,12143485
"910","CmSI0726","J ",34.7,"chr12",15408465,15408688
"911","CmSNP00708","J ",34.9,"chr12",15356493,15356398
"912","CmSNP00037","J ",35,"chr12",14271744,14271645
"913","CmSNP00379","J ",35,NA,NA,NA
"914","CmSNP00634","J ",35.2,"chr9",42609331,42609233
"915","CmSNP00705","J ",36.3,"chr12",23153739,23153641
"916","CmSNP00261","J ",36.6,NA,NA,NA
"917","CmSNP01291","J ",36.6,"chr12",24601319,24601417
"918","CmSNP01084","J ",36.7,NA,NA,NA
"919","CmSNP00033","J ",36.8,"chr12",25089602,25089699
"920","CmSNP00120","J ",36.8,"chr12",25093578,25093666
"921","CmSNP00828","J ",36.8,"chr12",24647243,24647313
"922","CmSNP00664","J ",36.9,"chr12",24187433,24187532
"923","CmSNP01166","J ",37.1,"chr12",24199149,24199249
"924","CmSNP00797","J ",37.1,"chr12",26647975,26647877
"925","CmSNP00482","J ",37.5,"chr12",27620869,27620782
"926","CmSNP00651","J ",37.7,"chr12",28554082,28553999
"927","CmSNP00993","J ",37.7,NA,NA,NA
"928","CmSNP01248","J ",37.7,"chr12",27947216,27947129
"929","CmSNP00976","J ",37.7,"chr12",28381429,28381329
"930","CmSNP01024","J ",38,"chr12",27196330,27196430
"931","CmSNP00666","J ",38.3,"chr10",53327435,53327535
"932","CmSNP00760","J ",38.7,NA,NA,NA
"933","CmSNP01489","J ",39.2,"chr12",32007496,32007584
"934","CmSI0740","J ",39.5,"chr12",32279945,32279364
"935","CmSNP00224","J ",39.6,NA,NA,NA
"936","CmSNP00023","J ",39.7,"chr12",32489520,32489425
"937","CmSNP00518","J ",39.9,"chr12",32739754,32739851
"938","CmSNP00633","J ",40.1,"chr12",32727139,32727045
"939","CmSNP01194","J ",40.3,"chr12",33211612,33211712
"940","CmSNP01304","J ",40.3,"chr12",34266894,34266799
"941","CmSNP00389","J ",40.8,"chr12",34711929,34712028
"942","CmSNP00445","J ",40.8,"chr12",34354343,34354243
"943","CmSNP00443","J ",41,"chr12",35354001,35354101
"944","CmSNP00474","J ",41,"chr12",35337227,35337324
"945","CmSNP00846","J ",41,NA,NA,NA
"946","CmSNP01215","J ",41.7,"chr12",35773764,35773850
"947","CmSI0009","J ",41.9,"chr12",36082548,36082789
"948","CmSNP00232","J ",42.4,"chr12",36183388,36183287
"949","CmSNP00179","J ",42.8,"chr12",37961886,37961794
"950","CmSNP00255","J ",43,"chr12",37382310,37382223
"951","CmSNP00076","J ",43.2,"chr12",37595575,37595651
"952","CmSNP00467","J ",43.2,"chr12",37546225,37546325
"953","CmSI0932","J ",43.5,"chr12",36184358,36186152
"954","CmSNP00245","J ",43.6,"chr12",37956219,37956316
"955","CmSNP00177","J ",44,"chr12",39207171,39207269
"956","CmSNP01006","J ",44.6,"chr12",39323122,39323024
"957","CmSI0524","J ",44.9,"chr12",38428242,38427538
"958","CmSNP00241","J ",45.9,"chr12",39993500,39993597
"959","CmSNP01076","J ",46.7,NA,NA,NA
"960","CmSNP00553","J ",47.4,"chr12",40265155,40265255
"961","CmSI0732","J ",47.9,"chr12",39993129,39994752
"962","CmSI0919","J ",48.1,NA,NA,NA
"963","CmSI0911","J ",48.6,"chr12",40189262,40188940
"964","CmSNP00093","J ",49.6,"chr12",40877738,40877648
"965","CmSNP01431","J ",50.1,"chr12",41160536,41160446
"966","CmSNP01022","J ",50.5,"chr12",40841079,40840978
"967","CmSI0153","J ",51.1,"chr12",41160114,41159717
"968","CmSNP00691","J ",53.3,NA,NA,NA
"969","CmSI0523","J ",54.4,"chr12",42257376,42256504
"970","CmSNP00669","J ",55,"chr12",42547929,42548013
"971","CmSI0414","J ",55.3,"chr12",42548366,42548531
"972","CmSI0654","J ",55.3,"chr12",42547544,42548585
"973","CmSNP00827","J ",55.4,"chr12",42782776,42782861
"974","CmSI0600","J ",55.4,"chr12",42547544,42548585
"975","CmSNP00043","J ",56.1,"chr12",42781132,42781219
"976","CmSNP00745","J ",56.2,NA,NA,NA
"977","CmSI0811","J ",56.7,"chr12",42646540,42647116
"978","CmSNP01528","J ",57.4,NA,NA,NA
"979","CmSI0946","J ",57.8,"chr12",42916501,42917325
"980","CmSNP00703","J ",58.3,"chr6",10998118,10998018
"981","CmSI0759","K ",0,"chr4",92839207,92841250
"982","CmSI0656","K ",5.6,"chr10",1864060,1863564
"983","CmSNP00858","K ",5.7,"chr4",92348630,92348728
"984","CmSI0327","K ",5.8,"chr10",1863564,1863749
"985","CmSNP01356","K ",10,NA,NA,NA
"986","CmSI0819","K ",11.6,"chr4",80215772,80217814
"987","CmSNP00903","K ",11.6,NA,NA,NA
"988","CmSNP00731","K ",16,"chr4",74393165,74393263
"989","CmSI0814","K ",17.6,"chr4",65853168,65853539
"990","CmSNP01464","K ",18,"chr4",73943910,73944010
"991","CmSNP00657","K ",18.9,"chr4",65504905,65505005
"992","CmSI0678","K ",19.3,NA,NA,NA
"993","CmSI0494","K ",19.5,NA,NA,NA
"994","CmSI0611","K ",20.1,"chr4",65502522,65503363
"995","CmSNP01041","K ",20.1,"chr4",96488813,96488912
"996","CmSNP00197","K ",20.3,"chr4",67624830,67624740
"997","CmSNP00112","K ",20.9,"chr4",61543742,61543831
"998","CmSNP00364","K ",20.9,"chr10",48429158,48429258
"999","CmSNP01147","K ",20.9,"chr4",61194191,61194277
"1000","CmSNP01318","K ",21.3,"chr4",56700982,56701081
"1001","CmSNP00408","K ",21.6,"chr4",54962233,54962133
"1002","CmSNP00757","K ",21.7,"chr4",61166033,61165936
"1003","CmSNP01501","K ",22.1,NA,NA,NA
"1004","CmSNP00499","K ",22.5,"chr4",59784510,59784607
"1005","CmSI0752","K ",22.7,"chr4",46737414,46737930
"1006","CmSNP01139","K ",23.8,NA,NA,NA
"1007","CmSNP01157","K ",23.8,"chr4",46918700,46918798
"1008","CmSNP01384","K ",23.8,"chr4",46950419,46950320
"1009","CmSNP00211","K ",24,"chr4",46677674,46677575
"1010","CmSNP00386","K ",24.1,"chr4",45979659,45979759
"1011","CmSNP01478","K ",24.1,"chr4",43137865,43137962
"1012","CmSNP00381","K ",25,"chr4",40769557,40769458
"1013","CmSI0542","K ",27.7,"chr4",36453873,36453612
"1014","CmSNP00212","K ",28,"chr4",34725328,34725428
"1015","CmSNP00545","K ",28.1,"chr4",35882549,35882648
"1016","CmSNP01262","K ",28.4,"chr4",34578782,34578871
"1017","CmSNP00452","K ",28.4,"chr4",34733261,34733162
"1018","CmSNP00781","K ",28.5,"chr4",30791113,30791013
"1019","CmSNP00860","K ",29.9,"chr4",29060073,29059973
"1020","CmSNP00035","K ",30,NA,NA,NA
"1021","CmSI0794","K ",30.4,"chr4",26612373,26612839
"1022","CmSI0460","K ",30.8,"chr4",30015223,30015053
"1023","CmSNP01495","K ",32.4,"chr4",22197002,22197100
"1024","CmSNP00868","K ",32.6,"chr4",25134960,25135058
"1025","CmSNP01133","K ",33.7,"chr7",15655795,15655889
"1026","CmSI0853","K ",34.8,NA,NA,NA
"1027","CmSNP00470","K ",36,"chr4",13777213,13777313
"1028","CmSNP01065","K ",36,"chr4",13737789,13737689
"1029","CmSI0813","K ",36.6,"chr4",14569605,14568124
"1030","CmSNP00421","K ",36.8,NA,NA,NA
"1031","CmSNP00480","K ",37.5,"chr4",12405807,12405707
"1032","CmSNP01202","K ",37.5,NA,NA,NA
"1033","CmSI0123","K ",38.4,"chr4",17573700,17573472
"1034","CmSI0637","K ",38.4,NA,NA,NA
"1035","CmSNP00071","K ",38.6,"chr4",10551513,10551438
"1036","CmSNP01409","K ",39.8,"chr4",10329792,10329878
"1037","CmSNP00989","K ",40.2,"chr4",9610881,9610798
"1038","CmSNP00292","K ",40.4,"chr2",50837166,50837067
"1039","CmSI0920","K ",43,"chr4",9410692,9409986
"1040","CmSI0901","K ",43.1,NA,NA,NA
"1041","CmSNP00590","K ",45.5,"chr4",8089658,8089755
"1042","CmSNP00391","K ",45.6,"chr4",9835637,9835725
"1043","CmSNP00526","K ",47.9,"chr4",6221815,6221912
"1044","CmSNP00572","K ",48,"chr4",8269319,8269419
"1045","CmSNP01398","K ",48.2,"chr4",6304943,6304844
"1046","CmSNP01352","K ",48.4,"chr4",6340776,6340862
"1047","CmSNP00638","K ",48.5,"chr4",5803314,5803413
"1048","CmSNP01308","K ",48.6,"chr4",6660043,6660131
"1049","CmSNP00832","K ",48.7,NA,NA,NA
"1050","CmSNP00951","K ",49,NA,NA,NA
"1051","CmSNP00750","K ",49.2,"chr4",5485818,5485718
"1052","CmSI0921","K ",49.5,NA,NA,NA
"1053","CmSI0361","K ",50.1,"chr4",5450367,5450129
"1054","CmSI0373","K ",50.1,"chr4",5450314,5450076
"1055","CmSNP00821","K ",50.4,"chr4",5257126,5257029
"1056","CmSI0922","K ",50.6,NA,NA,NA
"1057","CmSNP00008","K ",51.3,"chr4",4844009,4843932
"1058","CmSI0771","K ",51.4,NA,NA,NA
"1059","CmSI0433","K ",52.2,"chr4",4766273,4766111
"1060","CmSI0432","K ",52.7,"chr4",4766278,4766176
"1061","CmSI0737","K ",54.7,"chr5",626994,627489
"1062","CmSNP00447","K ",55.9,"chr4",387682,387582
"1063","CmSNP01535","K ",59.6,"chr4",1331618,1331518
"1064","CmSNP00222","K ",60.1,"chr4",856992,857087
"1065","CmSNP00674","K ",60.4,NA,NA,NA
"1066","CmSNP00085","K ",60.6,"chr4",796048,796146
"1067","CmSI0760","K ",61.2,"chr4",1581119,1580384
"1068","CmSI0668","L ",0,"chr9",1187742,1189118
"1069","CmSNP00803","L ",1.5,"chr9",1381267,1381167
"1070","CmSNP00234","L ",2.7,"chr9",1440865,1440965
"1071","CmSNP00352","L ",3.6,"chr9",1674720,1674791
"1072","CmSNP00812","L ",4.1,"chr9",1800127,1800027
"1073","CmSNP00396","L ",4.5,"chr9",2054565,2054665
"1074","CmSNP00282","L ",4.9,NA,NA,NA
"1075","CmSNP00108","L ",6.3,"chr9",2050190,2050285
"1076","CmSNP00130","L ",6.8,"chr9",3694227,3694324
"1077","CmSNP00711","L ",8,"chr9",2941711,2941611
"1078","CmSNP01089","L ",8.3,"chr9",4068506,4068406
"1079","CmSNP00861","L ",9.6,NA,NA,NA
"1080","CmSNP00202","L ",10.7,"chr9",4949782,4949882
"1081","CmSNP00795","L ",12.2,"chr9",4813743,4813843
"1082","CmSNP00904","L ",12.2,NA,NA,NA
"1083","CmSNP01377","L ",12.7,"chr9",5275070,5274970
"1084","CmSNP01079","L ",12.9,"chr9",5745165,5745264
"1085","CmSNP00377","L ",13.2,"chr9",5407086,5406986
"1086","CmSNP00901","L ",15,"chr9",6013153,6013055
"1087","CmSNP01336","L ",15.6,"chr9",6176015,6175915
"1088","CmSI0875","L ",16,NA,NA,NA
"1089","CmSNP00737","L ",16,"chr9",6897224,6897146
"1090","CmSI0785","L ",16.4,"chr9",6004720,6004409
"1091","CmSNP00704","L ",17.7,"chr9",7285869,7285943
"1092","CmSNP01156","L ",18.2,"chr9",7185840,7185940
"1093","CmSNP01061","L ",18.3,"chr9",7182037,7182137
"1094","CmSI0572","L ",18.9,"chr9",7502164,7501777
"1095","CmSNP01205","L ",19.5,NA,NA,NA
"1096","CmSNP00102","L ",19.8,NA,NA,NA
"1097","CmSNP00483","L ",19.8,"chr9",7920248,7920149
"1098","CmSNP00790","L ",20,"chr9",7633911,7634008
"1099","CmSNP00543","L ",21.9,"chr9",9476555,9476655
"1100","CmSNP01004","L ",22.3,"chr9",9370697,9370600
"1101","CmSI0503","L ",22.5,"chr9",9617899,9617462
"1102","CmSI0045","L ",22.7,"chr9",11177896,11177787
"1103","CmSNP00935","L ",23.2,"chr9",10555066,10554971
"1104","CmSNP01319","L ",23.3,"chr9",9608114,9608214
"1105","CmSNP01451","L ",23.3,"chr9",10715285,10715374
"1106","CmSI0847","L ",24,NA,NA,NA
"1107","CmSNP00115","L ",24.8,NA,NA,NA
"1108","CmSI0249","L ",25.3,"chr9",12140341,12140699
"1109","CmSNP00164","L ",26,NA,NA,NA
"1110","CmSNP00869","L ",26,"chr9",13401397,13401297
"1111","CmSNP00966","L ",26,"chr9",14172815,14172720
"1112","CmSNP01172","L ",26.7,NA,NA,NA
"1113","CmSNP01183","L ",26.9,"chr9",17712815,17712888
"1114","CmSNP00579","L ",27,"chr9",14918742,14918819
"1115","CmSNP01401","L ",27.4,"chr9",14999312,14999412
"1116","CmSNP01170","L ",27.8,"chr9",23021505,23021601
"1117","CmSNP00918","L ",28,"chr9",18112642,18112543
"1118","CmSNP01236","L ",28,"chr9",16895727,16895627
"1119","CmSNP01211","L ",28.3,"chr9",18776973,18776875
"1120","CmSNP00376","L ",28.5,"chr9",18999979,19000070
"1121","CmSNP01042","L ",28.5,NA,NA,NA
"1122","CmSNP01300","L ",28.7,"chr9",19144143,19144050
"1123","CmSNP01307","L ",28.9,"chr9",21208346,21208246
"1124","CmSNP00770","L ",29.2,"chr9",24203862,24203762
"1125","CmSNP00288","L ",29.6,"chr9",22988776,22988873
"1126","CmSNP00829","L ",29.6,"chr9",20808594,20808497
"1127","CmSI0071","L ",29.7,"chr9",27719369,27719490
"1128","CmSNP00019","L ",29.8,"chr9",28642931,28642852
"1129","CmSNP00767","L ",29.9,"chr9",25523351,25523449
"1130","CmSNP01243","L ",30.2,"chr9",29012705,29012605
"1131","CmSNP00215","L ",30.9,NA,NA,NA
"1132","CmSNP01290","L ",31,NA,NA,NA
"1133","CmSNP00894","L ",31.1,NA,NA,NA
"1134","CmSNP00246","L ",31.2,"chr9",38569179,38569279
"1135","CmSNP01506","L ",31.4,"chr9",34088276,34088367
"1136","CmSNP01125","L ",31.4,"chr9",33886866,33886766
"1137","CmSNP01132","L ",31.7,"chr9",38698153,38698053
"1138","CmSNP01140","L ",31.9,"chr9",37945835,37945735
"1139","CmSNP00933","L ",32.4,"chr9",40910207,40910299
"1140","CmSNP01405","L ",32.6,"chr9",41181775,41181875
"1141","CmSI0608","L ",32.8,"chr9",42320336,42320849
"1142","CmSNP01294","L ",34.2,"chr9",43732533,43732433
"1143","CmSNP01359","L ",35,"chr9",44640526,44640426
"1144","CmSNP00646","L ",35.6,"chr9",45270163,45270064
"1145","CmSI0707","L ",35.8,"chr9",44558537,44558164
"1146","CmSNP00374","L ",37.7,"chr9",45623847,45623947
"1147","CmSNP00329","L ",41.8,"chr9",48036758,48036662
"1148","CmSNP01449","L ",42.7,"chr9",47669913,47669813
"1149","CmSNP01454","L ",44.8,"chr9",49389896,49389796
"1150","CmSI0928","L ",44.8,"chr9",50420292,50419911
"1151","CmSNP00385","L ",46.4,"chr9",50475377,50475477
"1152","CmSNP01391","L ",46.9,NA,NA,NA
"1153","CmSNP00316","L ",47,"chr9",51229279,51229379
"1154","CmSNP00665","L ",50.4,NA,NA,NA
"1155","CmSNP00284","L ",50.6,"chr9",54717547,54717641
"1156","CmSNP00856","L ",50.6,"chr9",54669166,54669070
